{"cameraMode":{"drawMode":0,"name":"Shaded","section":"Shading Mode"},"sceneLighting":true,"audioPlay":false,"sceneViewState":{"m_AlwaysRefresh":false,"showFog":true,"showSkybox":true,"showFlares":true,"showImageEffects":true,"showParticleSystems":true,"showVisualEffectGraphs":true,"m_FxEnabled":true},"in2DMode":false,"pivot":{"x":-130.25367736816407,"y":413.5726623535156,"z":-390.4293518066406},"rotation":{"x":0.28851500153541567,"y":-0.04076182842254639,"z":0.012668647803366185,"w":0.957073450088501},"size":10.056281089782715,"orthographic":false}